-- ============================================================
-- FOODY вЂ“ Test-User mit Social-Profil-Daten
-- Legt bis zu 5 Test-User an mit Profilen, Rezepten, PlГ¤nen.
-- вљ пёЏ  Nur in Entwicklung / Staging verwenden!
--
-- Vorher im Dashboard anlegen:
--   Authentication в†’ Users в†’ Add user
--   marco@foody.test  / Test1234!
--   lena@foody.test   / Test1234!
--   thomas@foody.test / Test1234!
--   sara@foody.test   / Test1234!
--   family@foody.test / Test1234!
--
-- Dann dieses Script ausfГјhren вЂ“ fertig!
-- ============================================================

DO $$
DECLARE
  v_chef      UUID;
  v_veggi     UUID;
  v_baker     UUID;
  v_fitness   UUID;
  v_family    UUID;

  v_recipe1   UUID := gen_random_uuid();
  v_recipe2   UUID := gen_random_uuid();
  v_recipe3   UUID := gen_random_uuid();
  v_recipe4   UUID := gen_random_uuid();
  v_recipe5   UUID := gen_random_uuid();
  v_recipe6   UUID := gen_random_uuid();
  v_recipe7   UUID := gen_random_uuid();
  v_recipe8   UUID := gen_random_uuid();

BEGIN
  -- User der Reihe nach holen вЂ“ NULL wenn nicht vorhanden
  SELECT id INTO v_chef    FROM auth.users ORDER BY created_at ASC LIMIT 1 OFFSET 0;
  SELECT id INTO v_veggi   FROM auth.users ORDER BY created_at ASC LIMIT 1 OFFSET 1;
  SELECT id INTO v_baker   FROM auth.users ORDER BY created_at ASC LIMIT 1 OFFSET 2;
  SELECT id INTO v_fitness FROM auth.users ORDER BY created_at ASC LIMIT 1 OFFSET 3;
  SELECT id INTO v_family  FROM auth.users ORDER BY created_at ASC LIMIT 1 OFFSET 4;

  IF v_chef IS NULL THEN
    RAISE EXCEPTION 'Keine User gefunden! Bitte zuerst Test-User im Dashboard anlegen.';
  END IF;

  RAISE NOTICE 'User gefunden: % % % % %', v_chef, v_veggi, v_baker, v_fitness, v_family;

  -- в”Ђв”Ђ PROFILE в”Ђв”Ђв”Ђв”Ђв”Ђв”Ђв”Ђв”Ђв”Ђв”Ђв”Ђв”Ђв”Ђв”Ђв”Ђв”Ђв”Ђв”Ђв”Ђв”Ђв”Ђв”Ђв”Ђв”Ђв”Ђв”Ђв”Ђв”Ђв”Ђв”Ђв”Ђв”Ђв”Ђв”Ђв”Ђв”Ђв”Ђв”Ђв”Ђв”Ђв”Ђв”Ђв”Ђв”Ђв”Ђв”Ђв”Ђв”Ђв”Ђв”Ђв”Ђв”Ђв”Ђв”Ђв”Ђв”Ђв”Ђв”Ђв”Ђв”Ђв”Ђв”Ђв”Ђв”Ђ

  INSERT INTO public.user_profiles (id, display_name, bio, avatar_url, social_links, updated_at)
  VALUES (
    v_chef, 'Marco KГјchenchef',
    'Leidenschaftlicher Koch aus MГјnchen рџЌі Ich liebe italienische und mediterrane KГјche.',
    NULL,
    '{"instagram":"@marco_kocht","youtube":"https://youtube.com/@marcokocht","tiktok":"@marcokocht","website":"https://marco-kocht.de"}',
    NOW()
  ) ON CONFLICT (id) DO UPDATE SET
    display_name = EXCLUDED.display_name, bio = EXCLUDED.bio,
    social_links = EXCLUDED.social_links, updated_at = NOW();

  IF v_veggi IS NOT NULL THEN
    INSERT INTO public.user_profiles (id, display_name, bio, avatar_url, social_links, updated_at)
    VALUES (
      v_veggi, 'Lena GrГјnzeug',
      'Vegane KГ¶chin & Food-Bloggerin рџЊ± Pflanzliche KГјche die wirklich satt macht.',
      NULL,
      '{"instagram":"@lena_vegan","tiktok":"@greenfoodlena","website":"https://lena-vegan.de"}',
      NOW()
    ) ON CONFLICT (id) DO UPDATE SET
      display_name = EXCLUDED.display_name, bio = EXCLUDED.bio,
      social_links = EXCLUDED.social_links, updated_at = NOW();
  END IF;

  IF v_baker IS NOT NULL THEN
    INSERT INTO public.user_profiles (id, display_name, bio, avatar_url, social_links, updated_at)
    VALUES (
      v_baker, 'Thomas Backstube',
      'BГ¤cker-Meister & Hobbykoch рџҐ– Sauerteig, Croissants und alles was aus dem Ofen kommt.',
      NULL,
      '{"instagram":"@thomas_baeckt","youtube":"https://youtube.com/@thomasbackt"}',
      NOW()
    ) ON CONFLICT (id) DO UPDATE SET
      display_name = EXCLUDED.display_name, bio = EXCLUDED.bio,
      social_links = EXCLUDED.social_links, updated_at = NOW();
  END IF;

  IF v_fitness IS NOT NULL THEN
    INSERT INTO public.user_profiles (id, display_name, bio, avatar_url, social_links, updated_at)
    VALUES (
      v_fitness, 'Sara FitFood',
      'Personal Trainerin & Meal-Prep Queen рџ’Є Gesunde Rezepte die schnell gehen.',
      NULL,
      '{"instagram":"@sara_fitfood","tiktok":"@sarafitfood"}',
      NOW()
    ) ON CONFLICT (id) DO UPDATE SET
      display_name = EXCLUDED.display_name, bio = EXCLUDED.bio,
      social_links = EXCLUDED.social_links, updated_at = NOW();
  END IF;

  IF v_family IS NOT NULL THEN
    INSERT INTO public.user_profiles (id, display_name, bio, avatar_url, social_links, updated_at)
    VALUES (
      v_family, 'Familie MГјller',
      'Kochen fГјr die ganze Familie рџ‘ЁвЂЌрџ‘©вЂЌрџ‘§вЂЌрџ‘¦ Alltagstauglich & budgetfreundlich.',
      NULL,
      '{"instagram":"@familie_isst"}',
      NOW()
    ) ON CONFLICT (id) DO UPDATE SET
      display_name = EXCLUDED.display_name, bio = EXCLUDED.bio,
      social_links = EXCLUDED.social_links, updated_at = NOW();
  END IF;

  -- в”Ђв”Ђ REZEPTE (Marco) в”Ђв”Ђв”Ђв”Ђв”Ђв”Ђв”Ђв”Ђв”Ђв”Ђв”Ђв”Ђв”Ђв”Ђв”Ђв”Ђв”Ђв”Ђв”Ђв”Ђв”Ђв”Ђв”Ђв”Ђв”Ђв”Ђв”Ђв”Ђв”Ђв”Ђв”Ђв”Ђв”Ђв”Ђв”Ђв”Ђв”Ђв”Ђв”Ђв”Ђв”Ђв”Ђв”Ђв”Ђв”Ђв”Ђв”Ђв”Ђв”Ђв”Ђв”Ђв”Ђв”Ђв”Ђв”Ђв”Ђ

  INSERT INTO public.community_recipes (
    id, user_id, author_name, title, description, category, tags, difficulty,
    cooking_time_minutes, servings, recipe_json, is_published, avg_rating, rating_count, view_count
  ) VALUES
  (
    v_recipe1, v_chef, 'Marco KГјchenchef', 'Echte Pasta Carbonara',
    'Das Original aus Rom вЂ“ ohne Sahne, nur Ei, Pecorino und Guanciale.',
    'Abendessen', ARRAY['Pasta','Italienisch','Klassiker','Schnell'], 'Mittel', 25, 2,
    '{"ingredients":[{"name":"Spaghetti","amount":"200g"},{"name":"Guanciale","amount":"100g"},{"name":"Pecorino Romano","amount":"60g"},{"name":"Eier","amount":"2+2 Eigelb"},{"name":"Schwarzer Pfeffer","amount":"reichlich"}],"steps":["Nudelwasser salzen, Spaghetti al dente kochen.","Guanciale ohne Г–l knusprig braten, Pfanne vom Herd.","Eier + Eigelb mit Pecorino und Pfeffer verquirlen.","Nudeln zum Guanciale, Ei-Mix unterheben, mit Kochwasser cremig rГјhren.","Sofort mit extra Pecorino servieren."]}'::jsonb,
    true, 4.7, 23, 412
  ),
  (
    v_recipe2, v_chef, 'Marco KГјchenchef', 'Tiramisu вЂ“ Das Original',
    'Omas Rezept aus Venetien. Echter Mascarpone, frischer Espresso, kein Ersatz.',
    'Dessert', ARRAY['Dessert','Italienisch','No-Bake','Klassiker'], 'Einfach', 30, 6,
    '{"ingredients":[{"name":"Mascarpone","amount":"500g"},{"name":"Eier","amount":"4"},{"name":"Zucker","amount":"100g"},{"name":"Espresso","amount":"300ml"},{"name":"Amaretto","amount":"4 EL"},{"name":"LГ¶ffelbiskuits","amount":"200g"},{"name":"Kakao","amount":"zum BestГ¤uben"}],"steps":["Eigelb mit Zucker cremig schlagen.","Mascarpone unterheben, EiweiГџ steif schlagen und unterheben.","Biskuits kurz in Espresso-Amaretto tauchen.","Schichten: Biskuits, Creme, Biskuits, Creme вЂ“ 4h kГјhlen.","Mit Kakao bestГ¤uben und servieren."]}'::jsonb,
    true, 4.9, 41, 638
  )
  ON CONFLICT (id) DO NOTHING;

  -- в”Ђв”Ђ REZEPTE (Lena) в”Ђв”Ђв”Ђв”Ђв”Ђв”Ђв”Ђв”Ђв”Ђв”Ђв”Ђв”Ђв”Ђв”Ђв”Ђв”Ђв”Ђв”Ђв”Ђв”Ђв”Ђв”Ђв”Ђв”Ђв”Ђв”Ђв”Ђв”Ђв”Ђв”Ђв”Ђв”Ђв”Ђв”Ђв”Ђв”Ђв”Ђв”Ђв”Ђв”Ђв”Ђв”Ђв”Ђв”Ђв”Ђв”Ђв”Ђв”Ђв”Ђв”Ђв”Ђв”Ђв”Ђв”Ђв”Ђв”Ђв”Ђ

  IF v_veggi IS NOT NULL THEN
    INSERT INTO public.community_recipes (
      id, user_id, author_name, title, description, category, tags, difficulty,
      cooking_time_minutes, servings, recipe_json, is_published, avg_rating, rating_count, view_count
    ) VALUES
    (
      v_recipe3, v_veggi, 'Lena GrГјnzeug', 'Rainbow Buddha Bowl',
      'Bunt, gesund und sГ¤ttigend! Protein, Fette und Vitamine in einer SchГјssel.',
      'Mittagessen', ARRAY['Vegan','Gesund','Bowl','Schnell','Meal Prep'], 'Einfach', 20, 2,
      '{"ingredients":[{"name":"Kichererbsen","amount":"1 Dose"},{"name":"Quinoa","amount":"150g"},{"name":"Avocado","amount":"1"},{"name":"Spinat","amount":"100g"},{"name":"Tahini","amount":"3 EL"},{"name":"Zitrone","amount":"1"}],"steps":["Quinoa kochen.","Kichererbsen rГ¶sten.","Tahini-Dressing anrГјhren.","Alles anrichten.","Mit Dressing betrГ¤ufeln."]}'::jsonb,
      true, 4.5, 18, 287
    ),
    (
      v_recipe4, v_veggi, 'Lena GrГјnzeug', 'Rote Linsensuppe mit Kokosmilch',
      'WГ¤rmend, cremig und in 30 Minuten fertig. Perfekt fГјrs Meal-Prep.',
      'Mittagessen', ARRAY['Vegan','Suppe','Meal Prep','GГјnstig'], 'Einfach', 30, 4,
      '{"ingredients":[{"name":"Rote Linsen","amount":"300g"},{"name":"Kokosmilch","amount":"400ml"},{"name":"GemГјsebrГјhe","amount":"800ml"},{"name":"Zwiebel","amount":"1"},{"name":"Ingwer","amount":"2cm"},{"name":"KreuzkГјmmel","amount":"2 TL"},{"name":"Kurkuma","amount":"1 TL"}],"steps":["Zwiebel und Ingwer anschwitzen.","GewГјrze rГ¶sten.","Linsen und BrГјhe zugeben, 20 Min kГ¶cheln.","Kokosmilch einrГјhren, teilweise pГјrieren.","Abschmecken."]}'::jsonb,
      true, 4.6, 32, 445
    )
    ON CONFLICT (id) DO NOTHING;
  END IF;

  -- в”Ђв”Ђ REZEPTE (Thomas) в”Ђв”Ђв”Ђв”Ђв”Ђв”Ђв”Ђв”Ђв”Ђв”Ђв”Ђв”Ђв”Ђв”Ђв”Ђв”Ђв”Ђв”Ђв”Ђв”Ђв”Ђв”Ђв”Ђв”Ђв”Ђв”Ђв”Ђв”Ђв”Ђв”Ђв”Ђв”Ђв”Ђв”Ђв”Ђв”Ђв”Ђв”Ђв”Ђв”Ђв”Ђв”Ђв”Ђв”Ђв”Ђв”Ђв”Ђв”Ђв”Ђв”Ђв”Ђв”Ђв”Ђв”Ђв”Ђ

  IF v_baker IS NOT NULL THEN
    INSERT INTO public.community_recipes (
      id, user_id, author_name, title, description, category, tags, difficulty,
      cooking_time_minutes, servings, recipe_json, is_published, avg_rating, rating_count, view_count
    ) VALUES (
      v_recipe5, v_baker, 'Thomas Backstube', 'Echtes Sauerteigbrot',
      'Knackige Kruste, luftige Krume. Mein Lieblingsrezept.',
      'Backen', ARRAY['Backen','Brot','Sauerteig','Vegan'], 'Schwer', 60, 1,
      '{"ingredients":[{"name":"Weizenmehl 550","amount":"400g"},{"name":"Roggenmehl","amount":"100g"},{"name":"Wasser","amount":"350ml"},{"name":"Sauerteig-Starter","amount":"100g"},{"name":"Salz","amount":"10g"}],"steps":["Alles vermengen, 30 Min ruhen.","4x dehnen und falten alle 30 Min.","Гњber Nacht im KГјhlschrank.","Formen, 1h akklimatisieren.","250В°C: 20 Min mit Deckel, 25 Min ohne."]}'::jsonb,
      true, 4.8, 56, 892
    )
    ON CONFLICT (id) DO NOTHING;
  END IF;

  -- в”Ђв”Ђ REZEPTE (Sara) в”Ђв”Ђв”Ђв”Ђв”Ђв”Ђв”Ђв”Ђв”Ђв”Ђв”Ђв”Ђв”Ђв”Ђв”Ђв”Ђв”Ђв”Ђв”Ђв”Ђв”Ђв”Ђв”Ђв”Ђв”Ђв”Ђв”Ђв”Ђв”Ђв”Ђв”Ђв”Ђв”Ђв”Ђв”Ђв”Ђв”Ђв”Ђв”Ђв”Ђв”Ђв”Ђв”Ђв”Ђв”Ђв”Ђв”Ђв”Ђв”Ђв”Ђв”Ђв”Ђв”Ђв”Ђв”Ђв”Ђв”Ђ

  IF v_fitness IS NOT NULL THEN
    INSERT INTO public.community_recipes (
      id, user_id, author_name, title, description, category, tags, difficulty,
      cooking_time_minutes, servings, recipe_json, is_published, avg_rating, rating_count, view_count
    ) VALUES (
      v_recipe6, v_fitness, 'Sara FitFood', 'High-Protein HГ¤hnchen-Meal-Prep',
      '45g Protein pro Portion, minimaler Aufwand. Meine wГ¶chentliche Basis.',
      'Mittagessen', ARRAY['High Protein','Meal Prep','Gesund','Low Carb'], 'Einfach', 35, 4,
      '{"ingredients":[{"name":"HГ¤hnchenbrust","amount":"800g"},{"name":"Brokkoli","amount":"500g"},{"name":"SГјГџkartoffeln","amount":"600g"},{"name":"Paprikapulver","amount":"2 TL"},{"name":"Knoblauchpulver","amount":"1 TL"}],"steps":["HГ¤hnchen wГјrzen.","SГјГџkartoffeln auf Blech.","200В°C: HГ¤hnchen 25 Min, GemГјse 30 Min.","In 4 Boxen aufteilen."]}'::jsonb,
      true, 4.4, 28, 503
    )
    ON CONFLICT (id) DO NOTHING;
  END IF;

  -- в”Ђв”Ђ REZEPTE (Familie) в”Ђв”Ђв”Ђв”Ђв”Ђв”Ђв”Ђв”Ђв”Ђв”Ђв”Ђв”Ђв”Ђв”Ђв”Ђв”Ђв”Ђв”Ђв”Ђв”Ђв”Ђв”Ђв”Ђв”Ђв”Ђв”Ђв”Ђв”Ђв”Ђв”Ђв”Ђв”Ђв”Ђв”Ђв”Ђв”Ђв”Ђв”Ђв”Ђв”Ђв”Ђв”Ђв”Ђв”Ђв”Ђв”Ђв”Ђв”Ђв”Ђв”Ђв”Ђв”Ђв”Ђв”Ђ

  IF v_family IS NOT NULL THEN
    INSERT INTO public.community_recipes (
      id, user_id, author_name, title, description, category, tags, difficulty,
      cooking_time_minutes, servings, recipe_json, is_published, avg_rating, rating_count, view_count
    ) VALUES
    (
      v_recipe7, v_family, 'Familie MГјller', 'Familien-Bolognese fГјr 4 Personen',
      'Unser Sonntagsklassiker. Langsam geschmort, die Kinder lieben es.',
      'Abendessen', ARRAY['Pasta','Familie','Klassiker','FГјr Kinder'], 'Mittel', 90, 4,
      '{"ingredients":[{"name":"Rinderhack","amount":"500g"},{"name":"Spaghetti","amount":"400g"},{"name":"Tomaten Dose","amount":"2x400g"},{"name":"Zwiebel","amount":"2"},{"name":"Karotte","amount":"2"},{"name":"Rotwein","amount":"150ml"}],"steps":["Soffritto 10 Min anschwitzen.","Hack braten.","Rotwein ablГ¶schen, Tomaten zugeben.","60 Min schmoren.","Mit Parmesan servieren."]}'::jsonb,
      true, 4.6, 19, 334
    ),
    (
      v_recipe8, v_family, 'Familie MГјller', 'Fluffige Sonntags-Pfannkuchen',
      'Unser Sonntagmorgen-Ritual. Einfach, gГјnstig, alle sind glГјcklich.',
      'FrГјhstГјck', ARRAY['FrГјhstГјck','Familie','FГјr Kinder','Schnell'], 'Einfach', 20, 4,
      '{"ingredients":[{"name":"Mehl","amount":"200g"},{"name":"Milch","amount":"300ml"},{"name":"Eier","amount":"2"},{"name":"Butter","amount":"20g"},{"name":"Zucker","amount":"1 EL"}],"steps":["Teig glatt rГјhren, 10 Min ruhen.","Butter erhitzen.","Goldbraun backen.","Mit Ahornsirup servieren."]}'::jsonb,
      true, 4.3, 12, 198
    )
    ON CONFLICT (id) DO NOTHING;
  END IF;

  -- в”Ђв”Ђ WOCHENPLГ„NE в”Ђв”Ђв”Ђв”Ђв”Ђв”Ђв”Ђв”Ђв”Ђв”Ђв”Ђв”Ђв”Ђв”Ђв”Ђв”Ђв”Ђв”Ђв”Ђв”Ђв”Ђв”Ђв”Ђв”Ђв”Ђв”Ђв”Ђв”Ђв”Ђв”Ђв”Ђв”Ђв”Ђв”Ђв”Ђв”Ђв”Ђв”Ђв”Ђв”Ђв”Ђв”Ђв”Ђв”Ђв”Ђв”Ђв”Ђв”Ђв”Ђв”Ђв”Ђв”Ђв”Ђв”Ђв”Ђв”Ђв”Ђв”Ђв”Ђв”Ђ

  INSERT INTO public.community_meal_plans (user_id, author_name, title, description, tags, plan_json, is_published)
  VALUES (
    v_chef, 'Marco KГјchenchef', 'Mediterrane Woche рџЊЉ',
    'Eine Woche voller Mittelmeer-Aromen.',
    ARRAY['Mediterran','Leicht','Sommer'],
    '[{"day":"Mo","mealType":"Abendessen","recipeTitle":"Pasta Carbonara"},{"day":"Di","mealType":"Mittagessen","recipeTitle":"Griechischer Salat"},{"day":"Mi","mealType":"Abendessen","recipeTitle":"Gegrillter Fisch"},{"day":"Do","mealType":"Mittagessen","recipeTitle":"Hummus mit Fladenbrot"},{"day":"Fr","mealType":"Abendessen","recipeTitle":"Pizza Margherita"},{"day":"Sa","mealType":"Abendessen","recipeTitle":"MeeresfrГјchte-Risotto"},{"day":"So","mealType":"Abendessen","recipeTitle":"Tiramisu"}]'::jsonb,
    true
  );

  IF v_veggi IS NOT NULL THEN
    INSERT INTO public.community_meal_plans (user_id, author_name, title, description, tags, plan_json, is_published)
    VALUES (
      v_veggi, 'Lena GrГјnzeug', 'Vegane Power-Woche рџЊ±',
      'Pflanzlich, sГ¤ttigend und voller Farben.',
      ARRAY['Vegan','Gesund','High Protein'],
      '[{"day":"Mo","mealType":"Mittagessen","recipeTitle":"Rainbow Buddha Bowl"},{"day":"Di","mealType":"Mittagessen","recipeTitle":"Rote Linsensuppe"},{"day":"Mi","mealType":"Abendessen","recipeTitle":"Tofu-Curry"},{"day":"Do","mealType":"Mittagessen","recipeTitle":"Quinoa-Salat"},{"day":"Fr","mealType":"Abendessen","recipeTitle":"Vegane Pasta"},{"day":"Sa","mealType":"Abendessen","recipeTitle":"Jackfruit-Tacos"},{"day":"So","mealType":"Mittagessen","recipeTitle":"GemГјse-Paella"}]'::jsonb,
      true
    );
  END IF;

  IF v_fitness IS NOT NULL THEN
    INSERT INTO public.community_meal_plans (user_id, author_name, title, description, tags, plan_json, is_published)
    VALUES (
      v_fitness, 'Sara FitFood', 'Fitness Meal-Prep Woche рџ’Є',
      'Hoher Proteingehalt, ausgewogene Makros, wenig Aufwand.',
      ARRAY['High Protein','Meal Prep','Fitness','Low Carb'],
      '[{"day":"Mo","mealType":"FrГјhstГјck","recipeTitle":"Protein-Porridge"},{"day":"Mo","mealType":"Mittagessen","recipeTitle":"HГ¤hnchen-Meal-Prep"},{"day":"Di","mealType":"Mittagessen","recipeTitle":"Thunfisch-Salat"},{"day":"Mi","mealType":"Abendessen","recipeTitle":"Lachs mit GemГјse"},{"day":"Do","mealType":"Mittagessen","recipeTitle":"HГ¤hnchen-Meal-Prep"},{"day":"Fr","mealType":"Abendessen","recipeTitle":"Turkey-Bowl"},{"day":"So","mealType":"Abendessen","recipeTitle":"Steak mit SГјГџkartoffel"}]'::jsonb,
      true
    );
  END IF;

  IF v_family IS NOT NULL THEN
    INSERT INTO public.community_meal_plans (user_id, author_name, title, description, tags, plan_json, is_published)
    VALUES (
      v_family, 'Familie MГјller', 'Familienplan fГјr die ganze Woche рџ‘ЁвЂЌрџ‘©вЂЌрџ‘§вЂЌрџ‘¦',
      'Alltagstauglich, budgetfreundlich, alle mГ¶gen es.',
      ARRAY['Familie','GГјnstig','FГјr Kinder'],
      '[{"day":"Mo","mealType":"Abendessen","recipeTitle":"Spaghetti Bolognese"},{"day":"Di","mealType":"Abendessen","recipeTitle":"HГ¤hnchen-Nuggets"},{"day":"Mi","mealType":"Abendessen","recipeTitle":"GemГјsesuppe"},{"day":"Do","mealType":"Abendessen","recipeTitle":"Pizza selbst gemacht"},{"day":"Fr","mealType":"Abendessen","recipeTitle":"FischstГ¤bchen"},{"day":"Sa","mealType":"FrГјhstГјck","recipeTitle":"Sonntags-Pfannkuchen"},{"day":"So","mealType":"Mittagessen","recipeTitle":"Sonntagsbraten"}]'::jsonb,
      true
    );
  END IF;

  -- в”Ђв”Ђ FOLLOWS в”Ђв”Ђв”Ђв”Ђв”Ђв”Ђв”Ђв”Ђв”Ђв”Ђв”Ђв”Ђв”Ђв”Ђв”Ђв”Ђв”Ђв”Ђв”Ђв”Ђв”Ђв”Ђв”Ђв”Ђв”Ђв”Ђв”Ђв”Ђв”Ђв”Ђв”Ђв”Ђв”Ђв”Ђв”Ђв”Ђв”Ђв”Ђв”Ђв”Ђв”Ђв”Ђв”Ђв”Ђв”Ђв”Ђв”Ђв”Ђв”Ђв”Ђв”Ђв”Ђв”Ђв”Ђв”Ђв”Ђв”Ђв”Ђв”Ђв”Ђв”Ђв”Ђв”Ђв”Ђ

  IF v_veggi IS NOT NULL THEN
    INSERT INTO public.user_follows (follower_id, followee_id) VALUES (v_veggi,   v_chef)    ON CONFLICT DO NOTHING;
    INSERT INTO public.user_follows (follower_id, followee_id) VALUES (v_chef,    v_veggi)   ON CONFLICT DO NOTHING;
  END IF;
  IF v_baker IS NOT NULL THEN
    INSERT INTO public.user_follows (follower_id, followee_id) VALUES (v_baker,   v_chef)    ON CONFLICT DO NOTHING;
    INSERT INTO public.user_follows (follower_id, followee_id) VALUES (v_chef,    v_baker)   ON CONFLICT DO NOTHING;
  END IF;
  IF v_fitness IS NOT NULL THEN
    INSERT INTO public.user_follows (follower_id, followee_id) VALUES (v_fitness, v_chef)    ON CONFLICT DO NOTHING;
    INSERT INTO public.user_follows (follower_id, followee_id) VALUES (v_chef,    v_fitness) ON CONFLICT DO NOTHING;
  END IF;
  IF v_family IS NOT NULL THEN
    INSERT INTO public.user_follows (follower_id, followee_id) VALUES (v_family,  v_chef)    ON CONFLICT DO NOTHING;
    INSERT INTO public.user_follows (follower_id, followee_id) VALUES (v_chef,    v_family)  ON CONFLICT DO NOTHING;
  END IF;
  IF v_veggi IS NOT NULL AND v_fitness IS NOT NULL THEN
    INSERT INTO public.user_follows (follower_id, followee_id) VALUES (v_veggi,   v_fitness) ON CONFLICT DO NOTHING;
    INSERT INTO public.user_follows (follower_id, followee_id) VALUES (v_fitness, v_veggi)   ON CONFLICT DO NOTHING;
  END IF;
  IF v_baker IS NOT NULL AND v_veggi IS NOT NULL THEN
    INSERT INTO public.user_follows (follower_id, followee_id) VALUES (v_baker,   v_veggi)   ON CONFLICT DO NOTHING;
  END IF;

  -- в”Ђв”Ђ LIKES в”Ђв”Ђв”Ђв”Ђв”Ђв”Ђв”Ђв”Ђв”Ђв”Ђв”Ђв”Ђв”Ђв”Ђв”Ђв”Ђв”Ђв”Ђв”Ђв”Ђв”Ђв”Ђв”Ђв”Ђв”Ђв”Ђв”Ђв”Ђв”Ђв”Ђв”Ђв”Ђв”Ђв”Ђв”Ђв”Ђв”Ђв”Ђв”Ђв”Ђв”Ђв”Ђв”Ђв”Ђв”Ђв”Ђв”Ђв”Ђв”Ђв”Ђв”Ђв”Ђв”Ђв”Ђв”Ђв”Ђв”Ђв”Ђв”Ђв”Ђв”Ђв”Ђв”Ђв”Ђв”Ђв”Ђ

  IF v_veggi IS NOT NULL THEN
    INSERT INTO public.recipe_likes (recipe_id, user_id) VALUES (v_recipe1, v_veggi)   ON CONFLICT DO NOTHING;
    INSERT INTO public.recipe_likes (recipe_id, user_id) VALUES (v_recipe2, v_veggi)   ON CONFLICT DO NOTHING;
    INSERT INTO public.recipe_likes (recipe_id, user_id) VALUES (v_recipe3, v_chef)    ON CONFLICT DO NOTHING;
    INSERT INTO public.recipe_likes (recipe_id, user_id) VALUES (v_recipe4, v_chef)    ON CONFLICT DO NOTHING;
  END IF;
  IF v_baker IS NOT NULL THEN
    INSERT INTO public.recipe_likes (recipe_id, user_id) VALUES (v_recipe1, v_baker)   ON CONFLICT DO NOTHING;
    INSERT INTO public.recipe_likes (recipe_id, user_id) VALUES (v_recipe5, v_chef)    ON CONFLICT DO NOTHING;
  END IF;
  IF v_fitness IS NOT NULL THEN
    INSERT INTO public.recipe_likes (recipe_id, user_id) VALUES (v_recipe1, v_fitness) ON CONFLICT DO NOTHING;
    INSERT INTO public.recipe_likes (recipe_id, user_id) VALUES (v_recipe6, v_chef)    ON CONFLICT DO NOTHING;
  END IF;
  IF v_family IS NOT NULL THEN
    INSERT INTO public.recipe_likes (recipe_id, user_id) VALUES (v_recipe2, v_family)  ON CONFLICT DO NOTHING;
    INSERT INTO public.recipe_likes (recipe_id, user_id) VALUES (v_recipe7, v_chef)    ON CONFLICT DO NOTHING;
  END IF;

  -- в”Ђв”Ђ BEWERTUNGEN в”Ђв”Ђв”Ђв”Ђв”Ђв”Ђв”Ђв”Ђв”Ђв”Ђв”Ђв”Ђв”Ђв”Ђв”Ђв”Ђв”Ђв”Ђв”Ђв”Ђв”Ђв”Ђв”Ђв”Ђв”Ђв”Ђв”Ђв”Ђв”Ђв”Ђв”Ђв”Ђв”Ђв”Ђв”Ђв”Ђв”Ђв”Ђв”Ђв”Ђв”Ђв”Ђв”Ђв”Ђв”Ђв”Ђв”Ђв”Ђв”Ђв”Ђв”Ђв”Ђв”Ђв”Ђв”Ђв”Ђв”Ђв”Ђв”Ђв”Ђ

  IF v_veggi IS NOT NULL THEN
    INSERT INTO public.recipe_ratings (recipe_id, user_id, stars) VALUES (v_recipe1, v_veggi,   5) ON CONFLICT DO NOTHING;
    INSERT INTO public.recipe_ratings (recipe_id, user_id, stars) VALUES (v_recipe3, v_chef,    4) ON CONFLICT DO NOTHING;
  END IF;
  IF v_baker IS NOT NULL THEN
    INSERT INTO public.recipe_ratings (recipe_id, user_id, stars) VALUES (v_recipe1, v_baker,   4) ON CONFLICT DO NOTHING;
    INSERT INTO public.recipe_ratings (recipe_id, user_id, stars) VALUES (v_recipe5, v_chef,    5) ON CONFLICT DO NOTHING;
  END IF;
  IF v_fitness IS NOT NULL THEN
    INSERT INTO public.recipe_ratings (recipe_id, user_id, stars) VALUES (v_recipe1, v_fitness, 5) ON CONFLICT DO NOTHING;
    INSERT INTO public.recipe_ratings (recipe_id, user_id, stars) VALUES (v_recipe6, v_chef,    4) ON CONFLICT DO NOTHING;
  END IF;
  IF v_family IS NOT NULL THEN
    INSERT INTO public.recipe_ratings (recipe_id, user_id, stars) VALUES (v_recipe2, v_family,  5) ON CONFLICT DO NOTHING;
    INSERT INTO public.recipe_ratings (recipe_id, user_id, stars) VALUES (v_recipe7, v_chef,    5) ON CONFLICT DO NOTHING;
  END IF;

  RAISE NOTICE 'вњ… Fertig! User angelegt: %', (
    CASE WHEN v_chef    IS NOT NULL THEN 1 ELSE 0 END +
    CASE WHEN v_veggi   IS NOT NULL THEN 1 ELSE 0 END +
    CASE WHEN v_baker   IS NOT NULL THEN 1 ELSE 0 END +
    CASE WHEN v_fitness IS NOT NULL THEN 1 ELSE 0 END +
    CASE WHEN v_family  IS NOT NULL THEN 1 ELSE 0 END
  );

END;
$$;

-- в”Ђв”Ђ Ergebnis prГјfen в”Ђв”Ђв”Ђв”Ђв”Ђв”Ђв”Ђв”Ђв”Ђв”Ђв”Ђв”Ђв”Ђв”Ђв”Ђв”Ђв”Ђв”Ђв”Ђв”Ђв”Ђв”Ђв”Ђв”Ђв”Ђв”Ђв”Ђв”Ђв”Ђв”Ђв”Ђв”Ђв”Ђв”Ђв”Ђв”Ђв”Ђв”Ђв”Ђв”Ђв”Ђв”Ђв”Ђв”Ђв”Ђв”Ђв”Ђв”Ђв”Ђв”Ђв”Ђв”Ђв”Ђв”Ђв”Ђв”Ђв”Ђв”Ђв”Ђв”Ђ
SELECT
  up.display_name,
  (SELECT COUNT(*) FROM public.community_recipes  cr WHERE cr.user_id = up.id) AS rezepte,
  (SELECT COUNT(*) FROM public.user_follows       uf WHERE uf.followee_id = up.id) AS follower
FROM public.user_profiles up
ORDER BY rezepte DESC;
